mutual,tweet1,type1,tweet2,type2,tweet3,type3,tweet4,type4,tweet5,type5,tweet6,type6,tweet7,type7,tweet8,type8,tweet9,type9,tweet10,type10,rated,p1,c1,p2,c2,p3,c3,p4,c4,p5,c5
seanjwagner,@MayorJenny Durkan is horrible and should have never been elected in the first place. Shame on all who voted for her.,reply,"do you guys wanna tell this gun-nut, anti-government, annoying dude we went to high school with that literally no one agrees that, ""donald trump isn't racist because he hired a bunch of mexicans to build his real estate empire,"" or should I? nah, why bother.",tweet,"I just cited a really thorough article chronically Trump's history of bigotry when someone on Facebook asked for ""proof that he's a racist,"" and they responded: ""I see a lot of text. Is there actual evidence anywhere?"" That pretty much says it all right there, folks.",tweet,"Twitter is the worst, most toxic and uneducated platform you could be using to get your political news. This is the platform ""POTUS"" uses to address the country whenever he's bored. Which is, a couple times an hour apparently. Seems like he should have more important shit to do?",tweet,if Trump loses there will be acts of violence. that blood will be on his hands.,tweet,"People are trying to figure out what to call Madame Vice President-Elect Kamala Harris' husband. I suggest, Mr. Kamala Harris.",tweet,"don't think I haven't noticed how much ""Mr. Trump"" I hear on NPR now as opposed to ""President."" and I respect the fuck out of it.",tweet,"I want to dry heave at the quote from our PRESIDENT that states: ""Nobody has been better at the military."" Hopefully we all learn to vote before he learns to speak.",tweet,Trump giving his speech at the 2018 turkey pardon did NOT age well and I'm living for it.,tweet,EYES ON SEATTLE RIGHT NOW. DO NOT IGNORE THIS. THIS MESSAGE IS AIMED AT OUR ELECTED OFFICIALS AND THE PEOPLE WHO SERVE BENEATH THEM. YOU ARE NOT DOING YOUR JOBS.,tweet,0,,,,,,,,,,
sengendojoseph,"BREAKING: Every single Republican in the Senate just voted against so much as having a discussion about the For the People Act, which seeks to protect our most fundamental right to vote.",retweet,Enough of this bullshit hand wringing. President Biden is dealing with a pandemic where moronic Trump supporters refuse to get vaccinated. And an evacuation of 20 year long failed war. Yet his approval rtg. is still at 50%. The Lying Sociopath was below 50 his entire presidency.,retweet,"""The US House Select Committee investigating the January 6th Capitol riot must conduct a sweeping investigation of all the ways former President Donald Trump interfered with the election,"" @NormEisen writes for @CNNOpinion.",retweet,How Hitler seized power in Nazi Germany: 1. Create a crisis. 2. Demonize opponents. 3. Declare a state of emergency. 4. Undermine elections. 5. Make the rule of law irrelevant. 6. Rule by executive order. If America falls it will be bc of the people who sat on their hands. 02,retweet,"When you see Trump grinning with NYPD &amp; NYFD remember, by not paying his taxes, even applying for STARR deductions in NYC. He didn‚Äôt help pay for a single new helmet post 9/11. He is a man who has only taken from the city, never given. I wish the folks he uses would see that.",retweet,"I‚Äôm a Democrat running for U.S. Senate in Utah to #UnseatMikeLee. I have 53,300 followers. Can we hit 65k followers? Yes Yes Yes üëá üëá üëá",retweet,"There's a really easy way to pay for all the programs in Joe Biden's infrastructure plans. TAX THE RICH. TAX THE RICH. TAX THE RICH. The ultra wealthy are hoarding resources. They're not job creators-they are dogs in the manger, working to keep wages low. #FTPA",retweet,Photos of some of the protesters who were murdered by cops. A few of them are under 18. We are fighting a state that kills children. Doesn't it familiar with what Israeli fascist state do against Palestinians? Shame on you if you get angry of Israeli state but not Iran state.,retweet,"There are many ways to get involved in supporting bat conservation, from building a bat box, joining your local bat group or raising funds for bat conservation, take a look at our website to explore some ideas",retweet,Boris Johnson: UK Government and MOD Help Nowzad rescue get the workers and animals out of Afghanistan now! - Sign the Petition! via,retweet,0,,,,,,,,,,
shespeaksup,New Hampshire state lawmakers voted against a bill crafted by fourth graders to make the New Hampshire State...,tweet,BREAKING: We did it! The Senate just voted to protect #NetNeutrality. But our work isn't over. It's time to take the vote to the House.,retweet,BIC has donated 2.5 Million writing instruments to schools in need during the company's 2022 Global Education Week. Help them reach their goal of 3M donations by liking or re-sharing their social post! #BICCauseWeCare #bicpartner,tweet,Just saw Liliac is one of the bands videos submitted for Jovi tour They are awesome!!! Wish we could vote,reply,"I just earned 40 Swag Bucks for completing the Survey on the Economy, Personality, and Attitudes task on...",tweet,President Obama suggested that it is time to make voting mandatory. Do you think that voting should be mandatory?,tweet,Project # 2 - Social Issues for the Mad Men DVD/Blu-ray Contest has arrived!,retweet,I just took action &amp; told my members of Congress to #LiftTheBan on U.S. crude oil exports! Join me:,tweet,"Strap on your fanny packs, your fave 90s drink is turning 30! ü•≥ Post a pic of you from the 90s using #ShowUsYour90s + #PepsiSweepstakes for a chance to be 1 of 300 to win Crystal Pepsi. No Purch. Nec. Ends 1/6/22, 9am. 50 US/DC res only, 18+ (19+ in AL/NE). Not Avail. Retail",retweet,69% of U.S. parents believe their kids need a college degree or more to achieve the American Dream. Agree or...,tweet,0,,,,,,,,,,
shwood,the irony of anti maskers is so... poignant? 'masked' by trumps 'distrust' of masks; intelligence tested &amp; failed on multiple levels; tracked via bluetooth/wifi through facebook/most apps whether you have a profile or not; poisoned with hate in your damn hearts. ugh,quote,"Belarus is protesting over a rigged election, LGBTQ+ people are fighting for rights in Poland, HK is fighting for democracy, &amp; we in the US are dealing a whole slew of things &amp; you want me to care about two mega corps fighting for a cut of your v-bucks? Fuck off.",retweet,"well, if covid &amp; lamewarts legacy has taught me anything about this decade, its that this will be the era when convince &amp; entertainment are proven to truly trump everything else. and god damn, what a bummer.",tweet,does voting mean ill keep getting a shit ton of physical crap mail & annoying phone calls every election season?,tweet,To all our American followers‚Ä¶ happy 23rd anniversary of the #Dreamcast‚Äôs launch in North America!,retweet,thats putting it politely. the amount of issues that have entirely null &amp; voided that purchase is legitimately insane. they should actually be mouth against base while cupping your balls at this point. jesus fuck.,reply,"hahaha, I don't know how ive gone so long without seeing that. God has plenty of accidents. Just talk to a republican. Zing!",reply,"So many reasons to feel hopeful again; it‚Äôs a real nice change of pace. Self doubt &amp; big sad will always get in the way, but it‚Äôs a real relief to know that that‚Äôs what it is; self doubt &amp; big sad. Not reality. Most‚Äôve the time at least üôÉüòÄü•∞",tweet,bullshit. your eleven year old sister would blame obama.,reply,this is the second time I've ever voted &amp; still no fucking sticker. God dammit.,tweet,0,,,,,,,,,,
sirottae02,"We can't contain the excitement for 's first full-color images! On Monday, July 11 at 5pm ET (21:00 UTC), President Biden will unveil one of the space telescope's first images of deep space as a preview of what's ahead:",retweet,"Not feeling well today. _(:3„Äç‚à†)_ Oil change tomorrow (already sent off my vote, so no worries about that. ha.). Was going to get takeaway, but realized they're closed. Then more driving &amp; doing as the week goes on. &amp;... maybe grocery pick up? Not sure.",tweet,"As we hurtle towards the end of Early 2022, a quick Playdate update: Group One's batch of brand new shiny Playdates are on their way to our fulfillment center in California as we speak!! They'll still need to be processed (and gradually shipped) but‚Ä¶ it's almost time!",retweet,"While we didn‚Äôt vend at MFF, our team WAS there to have some fun. Current status is: crying in our hotel room after seeing.. SO much of what we do, proudly displayed on your beautiful figures. Walking the halls and seeing every 7th person wearing us is just.. it‚Äôs overwhelming.",retweet,"Oh man, this slow cooker mac &amp; cheese &amp; meat is just ~too cheesy~ &amp; bland. (but, a lot of them are.) Have to mess with this if I want to do it again, I guess. :d But, it's also pretty easy to just make a roux to white sauce &amp; put cheese in it either. ha.",tweet,"Hello, all! We were able to move the database successfully and everything should be running along smoothly now! There was a period of time where the site was up but the databases were still in a state of crossover, so there were some hiccups with quests and items at the time. 1/n",retweet,Did get the PS5 hooked up &amp; may try playing something in a bit. Happy to have it &amp; happy it worked &amp; wasn't a box of wood. (should probably gulp down some anti-nausea pills. ha.),reply,"Really, I don't know if there are other ending to get, but the way the game mechanics work, I could at least have a different path to the end, I think. And I could bring other people along too? hm. Maybe I'll try choosing all of the idiot responses? Or be more cocky? haha.",reply,"Also groceries. Should have went day 1 but look at the deals! Cheap beyond &amp; a $1 pizza (with part of a bag of $2 Miyoko's). Should have let it melt a bit more, but I was hungry. Not bad, even though I had to cook it in foil (as I didn't want the possibility of cleaning an oven)",reply,GODZILLA WAS A JURASSIC CREATURE THAT EVOLVED FROM A SEA REPTILE INTO A TERRESTRIAL MONSTER AWAKENED BY MANKIND'S NUCLEAR WEAPONS TESTS. OVER TIME GODZILLA ITSELF HAS EVOLVED AND ITS FELLOW KAIJU MONSTERS HAVE COME TO EMBODY THE EMOTIONS AND SOCIAL PROBLEMS OF OUR TIMES!,retweet,0,,,,,,,,,,
sixtwentyfive_,"The GOP blamed Obama when 4 Americans died in Benghazi They were outraged about a death toll of 4. The pandemic death toll? 108,000. The GOP response? Endless praise for Trump. Craven assholes. #NoJusticeNoPeace Weather Underground Glenn Beck ATTACK AND DETHRONE GOD Lady G",retweet,"@thebradfordfile @realDonaldTrump if it was voting fraud, as claimed, why didn't democrats win more local and state seats? republicans still won most of those. so that claim isn't even logical.",reply,"I'm a moderate, [slightly leaning liberal], but not a Democrat. I don't personally think trump is the cause of racism; that's part of many individuals culture, and has been so for a very long time, even if the individual doesn't realize it",reply,"yesterday Congress Republicans issued a war against women. Is there a way to know who asked to overturn wade vs rowe, for ease in voting them out next term?",reply,@thebradfordfile @realDonaldTrump why would Biden need to cheat? I can't imagine it being possible for more than 15-20% of the US population to vote for trump. We've already seen him fail at everything for four years.,reply,"it's frustrating because I, too, would rather vote green. I don't like the idea that my vote is more necessary to take away from opposition, than it is to empower a party that I'm more aligned with. I don't like biden, but I have more dislike for trump",tweet,"yea, well, you were a kid when all this occurred. perhaps if people your age started getting into some understanding of politics and voted in every election instead of just presidential ones, you might one day make it better. until then, that zone is a piece of shit.",reply,"people are shamed socially when they talk about voting for a third party, yet the shamers themselves probably can't define what their party definitions are. wouldn't be at all surprised if more than half of them supported a party that had nothing to do with them",reply,"@realDonaldTrump if people regularly voted every single time they had a local or state election, their votes would have greater impact, instead of only voting during presidential elections. but if the mainline media outlets like the local news (which people with netflix don't watch anyway..)",reply,"in the 2016 election I voted green (and usually do so in local, too) mostly to give a bit more push towards the green party, even though I know they aren't likely to win. I've been yelled at about how a vote for neither main party is a vote for the one that ends up winning",reply,0,,,,,,,,,,
slcmcguire,"This is hideous. Stop declaring that 29 million people in an incredibly gerrymandered state deserve to die because they have a terrible governor. Do you think you deserved to die under Trump? If not, maybe stop saying this ghoulish shit.",retweet,I want to believe that we as a people are better than what the outcome of this election has shown. The worst of us is not all of us.,tweet,Real talk: If you still support Trump through COVID and everything else in the last four years? Dont be surprised when folks actively think less of you.,retweet,"People in ""blue"" states who believe that aid should be withheld from ""red"" states after tragedies and that the people there deserve it are bad people who should feel ashamed. There are people of all political spectrums in all states, and everyone deserves rights, including life.",retweet,Conservative talk radio is the cost of a free ride to campus.,tweet,"No one who is alive today should ever say again that ""my/one vote doesn't matter."" We've literally seen shifts from one column to another, just a few hundred at a time. The reason why everyone has been glued to their news source for 72 hours is that every single vote matters.",retweet,"A death warrant for Texans. Add them to the 44,000+ killed as he failed to confront the pandemic &amp; botched the vaccine rollout. And those who froze to death because he cares more about energy companies‚Äô profits than keeping Texans alive. Abbott is killing the people of Texas.",retweet,"‚Äî‚ÄúMisled"" on our state‚Äôs deadliest school shooting ‚Äî""Misled"" on the power grid failure that left hundreds to freeze to death ‚Äî""Misled"" on a foster care crisis where kids have died and been trafficked in state care Abbott‚Äôs not leading. He‚Äôs misleading Texas.",retweet,"I'll let Twitter decide: Should I custom build Air Jordan 1s for RT for Yes Like for No Quote tweet for additional, and non-sarcastic commentary. ...annnnnd go. I'll tally the votes and make a decision at the start of tonight.",retweet,"Rough times in the wresting world. Fans - if you want to help these people, BUY THEIR MERCH. Sell out the shows or buy the streams/OnDemands. Take photo/video where you‚Äôre allowed and give them content for socials. There‚Äôs life beyond major companies. If you like them, HELP THEM!",retweet,0,,,,,,,,,,
solavei,"President Trump, We want to hear YOUR #WalkAway story! Will you share your #WA video w/ üá∫üá∏? Let‚Äôs all make a video &amp;/or share a tweet w/ POTUS telling him we want to hear his #WalkAway!! Use the hashtags below‚¨áÔ∏è #TrumpsWalkAway #WalkAway &amp; tag: @realDonaldTrump",retweet,Very proud of the U.S. Senate for voting ‚ÄúYES‚Äù to advance the nomination of Judge Brett Kavanaugh!,retweet,BREAKING: THIS VIDEO DESTROYS HILLARY'S 'RACIST' ATTACKS AGAINST TRUMP -... via @YouTube,tweet,This video will get Donald Trump elected if it goes viral! AMAZING! via @YouTube,tweet,"HIDDEN CAM: NYC Democratic Election Commissioner, ""They Bus People Aroun... via @YouTube",tweet,"Election after election... nothing has changed, and the people are incredibly frustrated.",retweet,"If you want to understand what the Left is doing right now, read Saul Alinsky‚Äôs Rules For Radicals. What we are seeing right now is Rule #13 in action: ‚ÄúPick the target, freeze it, personalize it, and polarize it.‚Äù The Left doesn't care about women, they care about winning",retweet,Former Trump Employee: Trump Is Not Racist via @YouTube,tweet,WATCH: Black Female Trump Executive Speaks About 'The Trump Family That I Know' via @seanhannity,tweet,UPDATE: just confirmed. Chatham County is done counting votes for the night. The board of elections annex building is empty. Workers say they‚Äôll be back at 8 a.m. Still thousands of votes to be counted here.,retweet,0,,,,,,,,,,
sparklesugglets,researching mars' significance in astrology/writing a patreon post about this. getting a reading on whether or not you should go back to school (political science may be significant). someone asking you if you signed their guestbook. gemology. finding the emerald ring you lost in,reply,"what fire signs need to know right now ‚Ä¢ yes, take the google analytics or seo course. the certification will help you land the social media marketing job. ‚Ä¢ no, the pisces placement isn't talking behind your back. they haven't been in that group chat since november.",retweet,"what fire signs need to know right now ‚Ä¢ yes, take the google analytics or seo course. the certification will help you land the social media marketing job. ‚Ä¢ no, the pisces placement isn't talking behind your back. they haven't been in that group chat since november.",tweet,"november predictions for fire signs ‚Ä¢ successfully manifesting commitment from the aquarius/sag placement (they have both in their big four) -- this feels like a current talking stage ‚Ä¢ feeling more liberated, no longer worrying about the future of your finances and career",retweet,"november predictions for fire signs ‚Ä¢ successfully manifesting commitment from the aquarius/sag placement (they have both in their big four) -- this feels like a current talking stage ‚Ä¢ feeling more liberated, no longer worrying about the future of your finances and career",tweet,"wednesday -- ""care to plan a second date?"" keeps coming through. work is a significant factor/block, especially if this person is a nurse (although healthcare in general feels significant) ‚Ä¢ no, you aren't being delusional -- the worst is over and it's safe to invest in what",reply,"whittle down your social circle ‚Ä¢ prioritizing yourself/your happiness, staying in more ‚Ä¢ learning more about crystals and crystal grids -- gift yourself that shopping spree if you've been thinking about it ‚Ä¢ someone needs to research/will be researching merkabas/spiritual",reply,Like the abundance of people charging $5 readings has now deeply affected the long term readers who charge what they're actually worth because now people think tarot readings above ¬£30 are expensive... so many people offering readings and they're not legit readers,retweet,channeled messages for earth signs ‚Ä¢ hold off on buying that car -- you'll find something you actually like in mid november ‚Ä¢ ask yourself if change is enough of a reason to stay. your feelings for the scorpio placement are valid but your guides want to acknowledge,retweet,channeled messages for earth signs ‚Ä¢ hold off on buying that car -- you'll find something you actually like in mid november ‚Ä¢ ask yourself if change is enough of a reason to stay. your feelings for the scorpio placement are valid but your guides want to acknowledge,tweet,0,,,,,,,,,,
spclifton,Obama didn‚Äôt spy on Trump Russia was not a hoax Trump didn‚Äôt win the 2020 election Rittenhouse is a murderer Biden isn‚Äôt the reason gas prices or inflation are high Trump tried to extort Ukraine and overthrow the U.S. government and Republicans assisted him both times,retweet,"If Trump had succeeded last year, his vice president would have refused to count election results while his supporters physically overpowered Congress from doing anything. But yeah, it‚Äôs Biden who wants a ‚Äúone-party state.‚Äù",retweet,Mike Pence is not a hero. Mike Pence tried to do everything possible to prevent Joe Biden's lawful election. Mike Pence called former VP Dan Quayle to ask HOW to do what Trump wanted. Quayle told him all he could was follow the law. And that's what he did. Not a hero.,retweet,"@CNN right now entire segment about Difficulty of Democrats to hold the Senate , not one word about the Republicans ability to win the Senate . While we watched the 1/6 Attack and the majority of GOP supporting the Big Lie . Yo @CNN sound like a #Fox propaganda hit .@MSNBC",retweet,Ginni Thomas in 2018 complaining about liberals forming a ‚ÄúResistance‚Äù against Trump: ‚ÄúAre we losing the civility of legitimate elections - a duly elected president being able to govern?‚Äù,retweet,The Dominion Voting System $1.6 billion lawsuit isa revealing that Fox News hosts KNEW Trump's election claims were false yet they kept lying on air. This lawsuit needs to bankrupt Fox News and eradicate them permanently. Just like Alex Jones being bankrupted for his vile lies.,retweet,"‚ÄúInstead of bowing to election-year pressures or the anti-immigrant tactics of the right, Democrats must support President Biden‚Äôs commitment to end Title 42 restrictions immediately and without delay.‚Äù My Op-Ed on Title 42 this morning in",retweet,"I don‚Äôt believe pundits and media, in general, mention enough how 147 GOP members of Congress voted against certifying the 2020 election for President Biden. Perhaps more focus should be placed upon it.",retweet,Mitch McConnell does not want you to retweet the new ad from Democrat Mike Franken who is running against Chuck Grassley for US Senate. If they lose in Iowa they are in a world of hurt and Mitch will never be in charge of the Senate again.,retweet,"News: A GOP county official in Georgia, who served as a fake elector, escorted 2 operatives working wi/ Trump lawyer Sidney Powell into the county's election offices on same day voting system there was breached, per newly obtained video. Story w/",retweet,0,,,,,,,,,,
subeta,"We can't contain the excitement for 's first full-color images! On Monday, July 11 at 5pm ET (21:00 UTC), President Biden will unveil one of the space telescope's first images of deep space as a preview of what's ahead:",retweet,"Not feeling well today. _(:3„Äç‚à†)_ Oil change tomorrow (already sent off my vote, so no worries about that. ha.). Was going to get takeaway, but realized they're closed. Then more driving &amp; doing as the week goes on. &amp;... maybe grocery pick up? Not sure.",tweet,"As we hurtle towards the end of Early 2022, a quick Playdate update: Group One's batch of brand new shiny Playdates are on their way to our fulfillment center in California as we speak!! They'll still need to be processed (and gradually shipped) but‚Ä¶ it's almost time!",retweet,"While we didn‚Äôt vend at MFF, our team WAS there to have some fun. Current status is: crying in our hotel room after seeing.. SO much of what we do, proudly displayed on your beautiful figures. Walking the halls and seeing every 7th person wearing us is just.. it‚Äôs overwhelming.",retweet,"Oh man, this slow cooker mac &amp; cheese &amp; meat is just ~too cheesy~ &amp; bland. (but, a lot of them are.) Have to mess with this if I want to do it again, I guess. :d But, it's also pretty easy to just make a roux to white sauce &amp; put cheese in it either. ha.",tweet,"Hello, all! We were able to move the database successfully and everything should be running along smoothly now! There was a period of time where the site was up but the databases were still in a state of crossover, so there were some hiccups with quests and items at the time. 1/n",retweet,Did get the PS5 hooked up &amp; may try playing something in a bit. Happy to have it &amp; happy it worked &amp; wasn't a box of wood. (should probably gulp down some anti-nausea pills. ha.),reply,"Really, I don't know if there are other ending to get, but the way the game mechanics work, I could at least have a different path to the end, I think. And I could bring other people along too? hm. Maybe I'll try choosing all of the idiot responses? Or be more cocky? haha.",reply,"Also groceries. Should have went day 1 but look at the deals! Cheap beyond &amp; a $1 pizza (with part of a bag of $2 Miyoko's). Should have let it melt a bit more, but I was hungry. Not bad, even though I had to cook it in foil (as I didn't want the possibility of cleaning an oven)",reply,GODZILLA WAS A JURASSIC CREATURE THAT EVOLVED FROM A SEA REPTILE INTO A TERRESTRIAL MONSTER AWAKENED BY MANKIND'S NUCLEAR WEAPONS TESTS. OVER TIME GODZILLA ITSELF HAS EVOLVED AND ITS FELLOW KAIJU MONSTERS HAVE COME TO EMBODY THE EMOTIONS AND SOCIAL PROBLEMS OF OUR TIMES!,retweet,0,,,,,,,,,,
supersmd1,BREAKING: Senate Democrats just tried to get Senate Republicans to adjourn for a few days and take the time to actually read their tax bill. RT if you agree that reading bills before they‚Äôre voted on is the least we can do.,retweet,UPDATE: Republicans rejected our motion to adjourn until Monday so senators could read the bill they just introduced. RT If you think senators should have time to read a bill that affects every single American.,retweet,Many who voted for trump only think about themselves and their everyday survival not the good of all people. Most is willful ignorance- others it‚Äôs not knowing anything else in their small lives. I am grateful I got out of that kind of state everyday.,reply,Our reporters are fact checking President Trump‚Äôs first address to Congress,retweet,"Trump talking about how Hilary said ""deplorable."" ""One wrong word in politics can end it all!"" .... apparently not ""pussy"" #america #ugh",tweet,"""That's called business."" ‚ÄîDonald Trump on the housing crash. For millions of Americans it was called ""losing their home."" #DebateNight",retweet,Something that has been quietly slipped into the Republican tax plan: a provision that lets oil and gas companies drill in the Arctic National Wildlife Refuge. This is an attack on pristine lands that belong to the American people.,retweet,Trump: Space Force and Air Force will be 'separate but equal' pretty sure the president has been watching too much #TheExpanse ... but not paying attention..,tweet,"If one person loses their insurance because of the Republican health care plan, that's too many. But 24 million? That‚Äôs an abomination.",retweet,"Everything Trump's promising now -- women's rights, environmental protection, children's rights -- is being destroyed by his actual policies",retweet,0,,,,,,,,,,
susie_easton,"Republicans: It‚Äôs Joe Biden‚Äôs baby formula crisis! Why aren‚Äôt Democrats doing more?! ***@HouseDemocrats hold vote to fund more baby formula*** @HouseGOP: NAY!!!!!! ‚Äî‚Äî‚Äî‚Äî‚Äî‚Äî‚Äî‚Äî‚Äî‚Äî‚Äî‚Äî Hi Republicans, we‚Äôre getting shit done to solve problems. What‚Äôs your job?",retweet,Not sure why Republicans are acting so shocked by Cawthorn‚Äôs alleged revelations about their party. One of their members is being investigated for sex trafficking a minor and they‚Äôve been pretty OK w/ that. They issued more consequences to members who voted to impeach Trump.,retweet,Always pay attention to the story behind the story. Republican operatives are using Kanye West as part of the Trump re-election strategy. They don‚Äôt care about him or his mental health. They care about diverting Black voters and creating a new Jill Stein.,retweet,"On behalf of my dad who doesn‚Äôt understand Twitter. He voted Republican every election until 2016 when he voted 3rd party in New York. Recently, he moved to swing state, NC and will enthusiastically be voting for Biden. I‚Äôm so proud of him ‚ù§Ô∏è‚ù§Ô∏è #LincolnVoter",tweet,"Scientific American has never endorsed a presidential candidate in our 175-year history‚Äîuntil now. The 2020 election is literally a matter of life and death. We urge you to vote for health, science and Joe Biden for President.",retweet,The conservative SCOTUS members have got to be considering that a decision favoring Trump will also benefit any Democratic POTUS going forward. #rachelmaddow #maddow #SCOTUS #TrumpTaxReturns,tweet,I have reasons to believe a higher percentage of Republicans will break for Biden or vote third party than the other way around. Maybe not by a large percentage but it‚Äôll make a difference.,reply,"@JudiciaryGOP This tweet is a stark reminder that the GOP is a brand, not a serious governing party. They like celebrities &amp; the free marketing. But the GOP brand isn't law &amp; order or conservatism. It's what Kanye, Elon, Trump now represent: anti-Semitism, racism, propaganda for war criminals.",retweet,Let‚Äôs vote against babies getting baby formula to make Biden look bad‚Äù -Republicans,retweet,I‚Äôm blocking anyone who isn‚Äôt aggressively anti trump untill election is over - sorry no time for your BS,retweet,0,,,,,,,,,,
swagnerforever,@MayorJenny Durkan is horrible and should have never been elected in the first place. Shame on all who voted for her.,reply,"do you guys wanna tell this gun-nut, anti-government, annoying dude we went to high school with that literally no one agrees that, ""donald trump isn't racist because he hired a bunch of mexicans to build his real estate empire,"" or should I? nah, why bother.",tweet,"I just cited a really thorough article chronically Trump's history of bigotry when someone on Facebook asked for ""proof that he's a racist,"" and they responded: ""I see a lot of text. Is there actual evidence anywhere?"" That pretty much says it all right there, folks.",tweet,"Twitter is the worst, most toxic and uneducated platform you could be using to get your political news. This is the platform ""POTUS"" uses to address the country whenever he's bored. Which is, a couple times an hour apparently. Seems like he should have more important shit to do?",tweet,if Trump loses there will be acts of violence. that blood will be on his hands.,tweet,"People are trying to figure out what to call Madame Vice President-Elect Kamala Harris' husband. I suggest, Mr. Kamala Harris.",tweet,"don't think I haven't noticed how much ""Mr. Trump"" I hear on NPR now as opposed to ""President."" and I respect the fuck out of it.",tweet,"I want to dry heave at the quote from our PRESIDENT that states: ""Nobody has been better at the military."" Hopefully we all learn to vote before he learns to speak.",tweet,Trump giving his speech at the 2018 turkey pardon did NOT age well and I'm living for it.,tweet,EYES ON SEATTLE RIGHT NOW. DO NOT IGNORE THIS. THIS MESSAGE IS AIMED AT OUR ELECTED OFFICIALS AND THE PEOPLE WHO SERVE BENEATH THEM. YOU ARE NOT DOING YOUR JOBS.,tweet,0,,,,,,,,,,
tarynnjanine,Member when the government made Microsoft give money to a failing company like Apple so it wouldnt be a monopoly? LMK how APPL is doing. No one put money into it and we have no more Apple Computers right????,reply,Being in crypto for quite some time and holding XRP I have been follwing the SEC v Ripple lawsuit. Judge Sarah Netburn is actually holding up US law while almost mocking the SEC. She is a true American hero and I think we will get clarity on all crypto soon.,tweet,"Oxford Demographics According to the most recent ACS, the racial composition of Oxfordwas: White: 96.19%Two or more races: 2.03%Asian: 1.21%Black or African American: 0.56%Native American: 0.00%Native Hawaiian or Pacific Islander: 0.00%Other race: 0.00%",reply,This is what is amazing with . Even their socials make sure cast members are recognized. And the cast members are what make Epcot (center) authentic. Thanks,quote,"so like i understsnd telling people in the heat, drunk people, people 3 hrs into a show but for fans to yell at the artist every slow part, between songs, and while they are sipping water to STAY HYDRATED I needed to know if this was a thing.",reply,"I belueve Dave Grohl played drums in a little known band called Nirvana before he started fighting foo. They should see if he can. Ending my sarcasm. But it WOULD be cool to see Dave drum on the next tour, use a headset to sing, and get someone to play guitar.",reply,"Total bull shit. Those of us that trusted get no vote and basically, if this goes through, lose most of our FLR. Class action lawsuit if this passes 100%.",reply,again so Tebow should quit while a ton of others are just as bad? Use BP and you can check equally as bad players who have done this for decades. Braxton Davidson was a 1st rounder and sub 200 in like A+. Pick a real fight next time.,reply,"In Los Angeles half our restaurants are tip free now and you get yelled at tipping. I also waited tables here 15 plus years ago and only Americans tip. Any tourist never tipped as it is only here we tip. So dont say everybody, say USA natives.",reply,Its not until you look into her stoner ass glazed eyes that you realize she would be on social security if she was a human. But honestly she has taught me how to be caring and a better person.,reply,0,,,,,,,,,,
taylorr_pattonn,"Pennsylvania Lt. Gov. @JohnFetterman on Trump's baseless fraud claims: ""There isn't any fraud, and he knows that...They can send 1,000 lawyers to Pennsylvania if they want. It's not going to change the underlying dynamic, because this race was conducted with absolute integrity""",retweet,"*will be üôÑ We produced actual evidence of voter fraud. 2 cases. Both R‚Äôs. After 2 weeks, why can‚Äôt they even produce 1 single case of voter fraud? Why doesn‚Äôt their lawsuit mention my Luzerne dude trying to have his dead mom vote for Trump? That‚Äôs *actually* fraud.",retweet,3 cases of voter fraud in PA. ‚úÖ 3 PA Counties. ‚úÖ 3 Republicans voting for Trump. ‚úÖ 1 Dead Mom. ‚úÖüíÄüëµüèª 1 town named Forty Fort. ‚úÖ You can‚Äôt make this up.,retweet,Lol Marco Rubio making fun of Biden‚Äôs picks for his team... meanwhile...to name just a few ... Jared Kushner All the Trump Spawn Omarosa Rick Perry Scott Pruitt Michael Flynn Stephen Miller Ben Carson Betsy Devos Brett Kavanaugh Oh and Trump himself.,tweet,"üö® Breaking: Emmanuel Macron has been re-elected French president with 58% of the vote, projections show, defeating far-right candidate Marine Le Pen. üá´üá∑ üëâ",retweet,"Georgia, this is it. Today is Election Day and your vote can help elect @ReverendWarnock and Jon @Ossoff to the U.S. Senate. Make your voice heard today and vote‚Äîeither in person or by dropping off your mail-in ballot at a ballot drop box.",retweet,President-elect Joe Biden's dogs bring return of presidential pets to the White House.,retweet,So that Erie postal worker made a bunch of sh!t up about voter fraud. Giggle. ü§≠ That means the only documented voter fraud in PA is *still* my dude in Luzerne County voting for Trump with his dead mom‚Äôs ballot. ‚ÄúAudit‚Äù seems to be going well. üòÜ,retweet,"It seems like these tweets help ease people's minds, so let me reiterate: Trump + his enablers have no legal basis for their frivolous, bizarre lawsuits. They are wasting everyone's time. But as long as they keep it up, we'll keep beating them in court. Enjoy your Friday.",retweet,Good morning PENNSYLVANIA! I‚Äôm so excited to see you today and SING for you!!!!!!! I believe in üé∂ YOU &amp; I üé∂ !! Let‚Äôs talk about what America looks like with a KINDER President. WE NEED EVERY VOTE‚ù§Ô∏è I‚Äôm with @JoeBiden ‚ÄîLets go 24 hrs!!!!!! #Biden #AmericaNeedsPennsylvania,retweet,0,,,,,,,,,,
terry_anent,Debra and I were happy to stand in line early this morning to vote to re-elect Senator Raphael Warnock for a full six-year term in the United States Senate. Please go out and vote early today! #EarlyVote #ReElectSenatorWarnock,retweet,"BREAKING: Speaker Nancy Pelosi drops the HAMMER on Donald Trump after his taxes are released, announces that the House ""will move swiftly to advance"" legislation ""requiring"" the IRS to ""conduct an annual audit of the President's finances."" RT TO THANK SPEAKER PELOSI!",retweet,"Max is a Democrat against Fascism, and backs (Ukraine‚Äôs) President Zelensky &amp; President Biden! This resister states ‚ÄúThe GQP is the party of insurrection, Racism and Conspiracy Theories! If you want to protect Democracy, follow him! #VeesFriends #democracy üëá",retweet,"Dusty is an Air Force Vietnam Veteran, Proud Democrat and supports Biden &amp; Harris! This resister is fully vaccinated and ‚ÄúSays under President Biden, we are much more respected around the world.‚Äù If you are like Dusty, and you vote blue, he is worth the follow!",retweet,"Kempo is a Democrat, a cool guy, Political Junkie, and part of our Blue Crew team! This resister is a chemical geek, and a Martial Artist/Karate expert! He wants to see Trump and company in jail! If you agree with Kempo follow him! #DonksFriends",retweet,"Like everyone else, I lost a lot of followers since Elon reinstated Trump‚Äôs Twitter account ‚Äî in my case, over 3,000. If you're staying on Twitter to keep fighting against MAGA Republicans and their extreme-right agenda, reply to this post and drop a üíô ‚Äî I‚Äôll follow you back!",retweet,"Tony is a Democrat, Political junkie, who is riding with Biden, and says ‚ÄúF..K Putin‚Äù! This resister is the father to a fur baby named Sammy! If you are like Tony, then follow him! #VeesFriends #DonksFriends #JustKeepConnecting",retweet,"Trump's white fragility would not allow him to admit he lost the 2020 election even though he &amp; everyone around him knows he did. It's 2 &amp; a half years since &amp; he still goes on saying he won! Trump, YOU LOST. Get over it. Move on. Focus on all the legal issues you have. #GoJoe üíô",retweet,"If you only retweet ONE thing today, let it be this list of 156 House Republicans who voted to raise the retirement age for Social Security to age 70. Don't let them get away with it. Make sure EVERYONE knows.",retweet,"Son of two, Irish in Oz, Aston Martin &amp; Liverpool fan, Politically agnostic but DEFINITELY ANTI-TRUMP (he‚Äôs a FRAUD, not a politician has 785 followers and would like to meet other never- trumpers like you!",retweet,0,,,,,,,,,,
thatsmytrunks,Here‚Äôs how Dems can + must do more than wait for an election. Let‚Äôs start w/ why: - 7 of the 9 justices were appointed by a party that hasn‚Äôt won a popular vote more than once in 30 years - 1 of those seats was stolen - Several lied to Congress to secure their appointment‚Ä¶,retweet,"Dear followers, mutuals, whatever. If you're voting or have voted for Trump for this year's general election please let me know so I can block you. Of you voted for him in 2016 that's not great but okay, sure. BUT. If you're still voting for him NOW, get the fuck out.",tweet,"In other news, America's billionaires could give everybody in the country a $3,000 stimulus check and still be richer than they were before the pandemic. It's past time for a wealth tax.",retweet,"The purpose of Pride is to find safety in numbers and put pressure on social/political barriers with visibility and protest. The reason it isn't ""family-friendly"" is because you believed we did not belong in your families. ""Family-friendly"" has become an anti-gay dog whistle.",retweet,Remember when Ted Cruz blamed Obama‚Äôs rhetoric when a Black man killed a cop? Does the fact that Republicans encouraged the Great White Riot mean they are responsible for an officer‚Äôs death and why do you want #TedCruzKilledaCop to trend?,retweet,"If you haven‚Äôt been paying attention to the state of anti-trans legislature in the US, PLEASE start now. There are people in positions of power who want to put our right to exist on trial. This is not the start and it is not the end.",retweet,"The American people can't afford to wait any longer. Every working class American needs $2,000 a month. Every unemployed American needs $600 a week. Every American needs healthcare as a human right. No one in America should go hungry or homeless. The do-nothing Senate must act.",retweet,"There are already calls for ""forgiveness"" and ""healing"" and ""reaching out"" now that Joe Biden is elected. I understand the impulse behind these statements, but they are FUNDAMENTALLY immoral Thread",retweet,Earlier this year the NYPD endorsed Trump. Earlier today the NYPD stole PPE from people voting. And tonight they‚Äôre blasting Trump 2020 from their work vehicle. Disgusting and unacceptable.,retweet,"After eight months of this pandemic, we finally found President Trump's plan to beat COVID-19.",retweet,0,,,,,,,,,,
theknightshift,"I‚Äôm voting against the oil sanctions bill. Biden has no plan to enable development of traditional domestic energy sources. His plan is to buy oil from dictators in other countries, and to use high gas prices to bludgeon American consumers into adopting a leftist energy agenda.",retweet,"NYC. Not the USA. Each state is sovereign and you can really see the differences in how liberal or conservative the government is. Here in Texas, many many people are mask-free. In Florida, even more so.",reply,"Joe Biden says he can‚Äôt remember a time when the American economy was stronger than it is today and I, for one, completely believe him.",retweet,"People ask me why I moved to the USA from England, it‚Äôs simple - I wanted to be free. In the UK: * No right to bear arms. * No free speech. * 20% sales tax (yes really). * 45% income tax. * Openly socialist politicians. Don‚Äôt let the USA become the UK. Defend your freedom. üá∫üá∏",retweet,"There was a mildly funny video acting out an American surprised by how cheap prescriptions are in the UK. I commented ""You pay for it in taxes"". That is ALL I said. No bias, no bitter grapes...just a factual statement. Nothing but vitriol and anti-American comments...",tweet,"Yep. They don‚Äôt represent everyone and they are politically divisive and cause unrest. The government shouldn‚Äôt be promoting unrest, but rather, peace.",reply,I would actually support taxes going to pay for education that teaches critical thinking skills so people don't attack what wasn't said. No one asked if I was actually against taxes paying for healthcare. Or learned that I'm pretty anti-taxes at all.,reply,"Just think All the mess we are in now, is a result of allowing our governments to shut our economy down for 3 weeks",retweet,"Opposing mandates because ""covid isn't that bad"" is just setting government up for the next pandemic that is ""that bad"". We oppose mandates because mandates are always ""that bad"".",retweet,"One of the things, that really bothers me about this, is: The governments buy these vaccines with tax revenues, force them upon their populations, shield the manufacturers from liability, and then act like they don't owe the public raw data about their performance.",retweet,0,,,,,,,,,,
topalphabitch,"Pog for my America welcome to the future of politics! Democrats did it now republicans did it, only a matter of time till its back and forth permanently",reply,I wish that celebrity &amp; influences could be openly republican without backlash but unfortunately it‚Äôs only democrats that are allowed to be since social media has told us 100s of times a day left = good right = bad,reply,Yeah us republicans want the population to be uneducated so they can riot and loot whenever we tell them to even if some critical thinking would make them think twice....oh wait that‚Äôs democrats,reply,You realize Obama put more kids in immigration camps then trump right?,reply,Democratic Socialists of America National Convention 2019,retweet,Nick Cannon is receiving A LOT of support for calling white people soulless subhuman savages. Anti-white racism is not only acceptable but celebrated. It is the only form of mainstream racism and anyone who pretends to fight racism but ignores this is a cowardly fraud.,retweet,I mean I condemn it and I‚Äôm a republican/ trump supporter,reply,@AOC Ayyy respect man you got the fake news right here &amp; spreading it! I‚Äôm sure cnn would be so proud of you as an anti racist gender fluid socialist progressive,reply,Damn but when it‚Äôs a republican it‚Äôs #believeallwomen ? Y‚Äôall true colors are showing on your reaction to this and it‚Äôs pretty disgusting but nothing unexpected nowadays in politics the double standard is real,reply,Damn but when it‚Äôs a republican it‚Äôs #believeallwomen ? Y‚Äôall true colors are showing on your reaction to this and it‚Äôs pretty disgusting but nothing unexpected nowadays in politics the double standard is real,reply,0,,,,,,,,,,
trinitysfaith,"Thank God there are NO elections or politics in Heaven. Jesus is not a Republican nor a Democrat. The government shall be upon his shoulder: His name shall be called Wonderful, Counselor, The mighty God. King of Kings &amp; Lord of Lords. We owe our ultimate allegiance to Him alone.",retweet,"Thank God there are NO elections or politics in Heaven. Jesus is not a Republican nor a Democrat. The government shall be upon his shoulder: His name shall be called Wonderful, Counselor, The mighty God. King of Kings &amp; Lord of Lords. We owe our ultimate allegiance to Him alone.",retweet,We are citizens of heaven governed by God Almighty so we fear not but praise Jesus Christ in every situation because no matter what our redeemer is coming back !amen,retweet,"2 in the Down the Lane series ""If Chris is put on the shelf, you need to step up and lead the war against the Knights MC."" ""Flash, we'll be breaking the biggest rule. I'm not even a member."" ""What rules? We're fucking gangsters. We broke every rule to get here.""",retweet,Pakistani student Adil Rahoo has become the first-ever international and Pakistani student to have been elected as the president of Glasgow Caledonian University,retweet,"Both coward morons are now behind the bars, they are nasty scars on the face of humanity particularly Pashtuns, they beat up their mother &amp; sister with helmet &amp; hammer brutally when they demanded their due rights. This is sad state of woman in our society.",retweet,"Two weeks before the pandemic started, the government (NIAID) and MODERNA signed a confidential agreement regarding COVID VACCINES, how did they know!!?? Anthony Fauci has to answer some questions! #vaccine #vaccineinjury #vaccinedeaths",retweet,"Those who are born again from incorruptible seed being are new creatures in Christ, dead to sin. We are the righteousness of God through Christ. God does not see us as sinners, rather as joint heirs with Jesus Christ...his children holy temples for his Spirit.",reply,"It's not much to ask for. I want solid healthcare, some nice roads and infrastructure, world class education, good social services, and a safety net for those less fortunate. You know, all the stuff that we pay taxes for. Not subsidies and tax breaks for the rich.",retweet,"Lord we pray for those who are set against us as foes to do us harm in any wayüá∫üá∏üåèüïäüôãüèº‚Äç‚ôÄÔ∏èwe seek Your counselüôèYour Mighty Right hand üòéü§ìshow us the way! Isaiah üé∫üôèTPT 32:18 My people will live free from worry in secure, quiet homes of peace.",retweet,0,,,,,,,,,,
tx_princess78,"@benshapiro I dislike Donald Trump, but Joe Biden is so much worse. He has destroyed this country in two years and now we are paying for it. I work in the medical field full of liberals and even they are saying they will never vote democrat again. Maybe they are just saying that but still.",reply,It won't be to long after the elections they start turning on Biden and each other. The democratic Lt. Governor in Georgia endorsed the Republican gubernatorial candidate. Let's see how long that guy lives once Hillary Clinton finds out.,reply,"@PressSec @POTUS It was actually a new election denier AI bot the democrats are testing, it comes after families and friends of election deniers. The engineer came out 10 mins ago and said he forgot to set it to ""Republicans Only Mode"". He apologized and said he Jan 6th denial bot won't do this.",reply,"@elonmusk I'll turn that shit around in 90 days. I would ban every political figure on both sides, every person in media, and anyone who puts a Ukrainian flag and pronouns in there profile. No more Trump, no more Biden, and nor more AOC. It would be a utopia of conversation.",reply,"@SenSanders It was actually a new election denier AI bot the democrats are testing, it comes after families and friends of election deniers. The engineer came out 10 mins ago and said he for got to set it to ""Republicans Only Mode"". He apologized and said he Jan 6th denial bot won't do this.",reply,"It was actually a new election denier AI bot the democrats are testing, it comes after families and friends of election deniers. The engineer came out 10 mins ago and said he for got to set it to ""Republicans Only Mode"". He apologized and said he Jan 6th denial bot won't do this.",reply,"@JackPosobiec It was actually a new election denier AI bot the democrats are testing, it comes after families and friends of election deniers. The engineer came out 10 mins ago and said he for got to set it to ""Republicans Only Mode"". He apologized and said he Jan 6th denial bot won't do this.",reply,"@Timcast It was actually a new election denier AI bot the democrats are testing, it comes after families and friends of election deniers. The engineer came out 10 mins ago and said he for got to set it to ""Republicans Only Mode"". He apologized and said he Jan 6th denial bot won't do this.",reply,"It was actually a new election denier AI bot the democrats are testing, it comes after families and friends of election deniers. The engineer came out 10 mins ago and said he for got to set it to ""Republicans Only Mode"". He apologized and said he Jan 6th denial bot won't do this.",reply,"@gregkellyusa It was actually a new election denier AI bot the democrats are testing, it comes after families and friends of election deniers. The engineer came out 10 mins ago and said he for got to set it to ""Republicans Only Mode"". He apologized and said he Jan 6th denial bot won't do this.",reply,0,,,,,,,,,,
txchristabelle,"Democrats are trying to pass legislation to reduce inflation, prevent a national depression, and help Americans get a handle on their personal finances, but Republicans are voting against it. Want to cripple the economy? Then vote Republican, by all means!",tweet,"@StephenM Republicans will take away Social Security and Medicare, leaving 66 million vulnerable Americans with no safety net. VOTE DEMOCRAT.",reply,"There are fifty Republican US Senators, and not one is willing to cross the aisle to vote to help American families. Not one.",retweet,"The Texas GOP platform: ‚ÄîDemands a referendum on secession ‚ÄîDeclares homosexuality is ‚Äúan abnormal lifestyle choice‚Äù ‚ÄîClaims that President Biden ""was not legitimately elected"" ‚ÄîCalls for the abolishment of the Voting Rights Act This is @DanPatrick's agenda. We must beat him.",retweet,"The people who should be watching this won't, but even if they were watching, it wouldn't matter. It's not like they *believe* Trump won, it's that they don't care and don't give a damn about the Constitution or elections or the rule of law. They just don't care.",retweet,"Discouraged by the poor messaging by Democrats. Hate to say it, but Dem voters needed to be scared into voting because they'd lose something essential. If Dems had focused on the Republican plan to cut Social Security/Medicare, they could have Mopped. The. Floor w/ opponents.",reply,"Russia calls for its ""partner Trump"" to be installed as President. Trump calls for Russia to help him politically. All this while Russia commits war crimes through a brutal, unprovoked invasion of another democratic nation. This is the leader of the Republican Party.",retweet,Andrew Yang just said the FBI searching Trump‚Äôs home ‚Äúseems political.‚Äù Yang also said this will ‚Äúensure‚Äù Trump gets re-elected in 2024. Andrew is actively spreading GOP talking points. He‚Äôs doing Fox News‚Äô bidding for them. I‚Äôll say it again: Andrew Yang sides with the Fascists.,retweet,"Um, the Republicans are running on cutting Social Security &amp; Medicare. It‚Äôs criminal to lie to these voters and trick them into voting against the only safety net they have! #GOPLies #VoteBlue for #SocialSecurity #Medicare",reply,The GOP refusing to raise the debt limit to pay Trump‚Äôs bills‚Äîwhile gaslighting the nation into thinking it‚Äôs somehow Biden‚Äôs fault‚Äîshould tell you everything you need to know about their descent into performative politics. They don‚Äôt represent the people of the United States.,retweet,0,,,,,,,,,,
undeadzerg,"you actually expected progress in a southern, conservative state? voters from your state elected Jeb Bush into office...twice!",reply,"fun fact: if you care about who appears on #SNL, you're officially old - have fun voting in a midterm election or getting a prostate exam or whatever else old people do...",tweet,"Democrats: ""Lets talk about the issues"" Republicans: ""Lets talk about who loves America more""",tweet,In Trump's World: Obama: Kenyan LeBron James: dumb Don Lemon: dumb Maxine Waters: low IQ black countries: shitholes black athletes: SOBs Black tenants: unwelcome Black workers: lazy Central Park 5: guilty Mexicans: rapists Muslims: terrorists Indians: fake Nazis: very fine people,retweet,Trump hasn't even been elected for a full day and he's already fucking up our chocolate bars!,quote,"Lincoln: ‚Äú4 score and 7 seven years ago‚Ä¶"" JFK: ‚ÄúAsk not what your country can do for you‚Ä¶‚Äù Trump: ‚ÄúActually the Nazis had a permit‚Ä¶""",retweet,listen up conservatives: Obama is choosing the next supreme court justice - man up and accept that as a fact of life...,tweet,"I hope the peeps in Syria enjoy my tax money (I know the bros in Afghanistan, Iraq, Egypt, and Libya sure did)",tweet,"I hate Jemele Hill and Trump equally - both say outlandish BS for attention, both are insufferable trash that society would be better without...",tweet,"I know hindsight is 20/20, but maybe the GOP running a pedophile for U.S. senate wasn‚Äôt a very good idea after all...",tweet,0,,,,,,,,,,
vanillaice,"It appears that Jussie Smollett tried to manufacture a hate crime to make Trump supporters look bad and most of the media not only uncritically accepted his lies as facts for weeks, but attacked those who questioned the validity of his false story.",retweet,"@POTUS Economy has got worse. Higher utilities, gas, groceries, inflation.",reply,@thehill I thought she left the country when trump was here?,reply,Our justice system has failed so many adults in recent years such as &amp; . We cannot now allow this flawed system to fail an innocent 17- year old boy who is a political prisoner. We need a public outcry and support for Kyle.,retweet,@FoxNews This is different than when Trump did it?,reply,I find it so amusing that a person can have exactly what theyre looking for right in front of their face yet still continue to search for it,retweet,COME ON STIMULUS I GOT THE BODYWASH UPSIDE DOWN WIT A LIL WATER IN ITü§£ü§£ü§£,retweet,Help &amp; stop #rhino poaching in Kenya with network of next generation cameras. Vote now:,retweet,The best part of a presidential election is the reasonably priced gas that always mysteriously shows up right before.,retweet,"For 30 years The Insane Clown Posse has constantly spoken up against the social injustice and pure evil that spreads across the globe. Check out our brand new ""FUCK YOUR REBEL FLAG"" Spotify Playlist and prepare to be WOKE!",retweet,0,,,,,,,,,,
varsha_venkat_,"Donald Trump knows he‚Äôs losing, and is looking for any excuse to falsely claim election fraud. The best way to make it impossible for Trump to play these dangerous games is to help Joe Biden win in a landslide. VOTE. Make sure your friends and family vote.",retweet,The moral consequence of electing Trump as President is something that we as Americans are going to have to reckon with for a long time.,retweet,Trump's constant comparison of his handling of COVID-19 to Obama's handling of H1N1 in 2009 is baffling to me. Every voting age adult alive today remembers 2009. They know it was nowhere near as bad. Is anyone fooled by this?,tweet,"I just need to note now that the #AlabamaSenateElection has been called, if a major US Mayor, a Democrat, like of San Francisco had died as he did today, President GWBush would have issued a statement expressing condolences. Trump did not offer such today.",retweet,Democrats cheering ex-Republican billionaire Michael Bloomberg as he mocks Trump as a bad entrepreneur. It's that kind of year,retweet,"In other countries, Trump's threats against Clinton would be early warning indicators of political instability or electoral violence.",retweet,"The party of Lincoln once stood on granite-solid ground ‚Äî promoting free minds, free markets and free people ‚Äî but no longer. The GOP is now a party of misinformation and false grievances, of protectionism and nativism, of election subversion and anti-democratic sentiment.",retweet,"Okay, repeat after me: ""I prefer some of the Democratic candidates to others, but every single one of them is a thousand times better than Donald Trump, &amp; whichever Democratic candidate becomes the nominee, I will bust my butt to help that candidate get elected."" Thanks.",retweet,"One of many ironies here is that this speech is a million miles away from Trump's dark ""American Carnage"" speech four years ago. And yet there is ACTUAL American carnage right now. Nearly half a million dead. The Capitol ransacked. Yet this speech could not be more different.",retweet,"WASHINGTON (AP) ‚Äî Democrat Mikulski is 34th senator to support #Iran nuke deal, ensuring landmark Obama victory",retweet,0,,,,,,,,,,
veroicone,"This is hideous. Stop declaring that 29 million people in an incredibly gerrymandered state deserve to die because they have a terrible governor. Do you think you deserved to die under Trump? If not, maybe stop saying this ghoulish shit.",retweet,I want to believe that we as a people are better than what the outcome of this election has shown. The worst of us is not all of us.,tweet,Real talk: If you still support Trump through COVID and everything else in the last four years? Dont be surprised when folks actively think less of you.,retweet,"People in ""blue"" states who believe that aid should be withheld from ""red"" states after tragedies and that the people there deserve it are bad people who should feel ashamed. There are people of all political spectrums in all states, and everyone deserves rights, including life.",retweet,Conservative talk radio is the cost of a free ride to campus.,tweet,"No one who is alive today should ever say again that ""my/one vote doesn't matter."" We've literally seen shifts from one column to another, just a few hundred at a time. The reason why everyone has been glued to their news source for 72 hours is that every single vote matters.",retweet,"A death warrant for Texans. Add them to the 44,000+ killed as he failed to confront the pandemic &amp; botched the vaccine rollout. And those who froze to death because he cares more about energy companies‚Äô profits than keeping Texans alive. Abbott is killing the people of Texas.",retweet,"‚Äî‚ÄúMisled"" on our state‚Äôs deadliest school shooting ‚Äî""Misled"" on the power grid failure that left hundreds to freeze to death ‚Äî""Misled"" on a foster care crisis where kids have died and been trafficked in state care Abbott‚Äôs not leading. He‚Äôs misleading Texas.",retweet,"I'll let Twitter decide: Should I custom build Air Jordan 1s for RT for Yes Like for No Quote tweet for additional, and non-sarcastic commentary. ...annnnnd go. I'll tally the votes and make a decision at the start of tonight.",retweet,"Rough times in the wresting world. Fans - if you want to help these people, BUY THEIR MERCH. Sell out the shows or buy the streams/OnDemands. Take photo/video where you‚Äôre allowed and give them content for socials. There‚Äôs life beyond major companies. If you like them, HELP THEM!",retweet,0,,,,,,,,,,
vickiem_05,"It's time folks. Today, I voted to bring articles of impeachment against Donald Trump. 95 of my colleagues agreed with me! I won't stop standing up for our country and #13thDistrictStrong.",retweet,"Not only is @IlhanMN a duly elected member of Congress, and an American citizen, but she is also a mom. What kind of person would put her and her family in harms way?",retweet,"As a member of the Generation Good Advocates Community, I‚Äôm increasing my voting impact by inviting friends to pledge to vote in the upcoming election. Let‚Äôs vote for the generations who need us to stand up for their healthy future at the polls. Join me ‚Ä¶",tweet,"COVID-19 is no match for Minnesota‚Äôs people power! Make your voice heard in the 2020 election ‚Äì but safely, by voting from home. Request your absentee ballot with this 2-minute application: #VoteMN #VoteFromHome",tweet,I‚Äôd say to my friends in DC going along with Trump. Imagine how this video of the President leading a white mob in a ‚ÄúSend Her Back‚Äù chant targeting a black refugee is going to look in your kids high school government/history classes. This hatred has got to be stopped.,retweet,Very well written article. This wasn't a debate it was a debacle. And Trumps personal attacks on people were horrendous..,tweet,"The votes are in: After more than 122,000 votes cast, we‚Äôre excited to announce the winners of our Name a Snowplow contest! These eight names will soon be on snowplows across the state. Learn more:",retweet,"Thousands of Minnesotans have taken the step to vote from home during 2020 elections. And you can, too! 1. Visit 2. Complete the ""Request for Absentee Ballot"" application - make sure you have a Minnesota-issued driver's licens‚Ä¶",tweet,Today I'm endorsing @JoeBiden for President of the United States. I encourage all like-minded Republicans to get on the right side of history and do the same.,retweet,#7thGenPartner I‚Äôm increasing my voting impact by inviting friends to pledge to vote in the upcoming election. Let‚Äôs vote for the generations who need us to stand up for their healthy future at the polls. Join me and #VotefortheNextGen,tweet,0,,,,,,,,,,
weinberz,UCI‚Äôs grad student government has been trying to email grad students FOR WEEKS about their right to strike. Admin blocked those emails. They also blocked an email of support from the undergrad student government. Their reason? The content is ‚Äúpolitical.‚Äù It gets worse.,retweet,Why I'm voting No - a thread. TLDR: this contract does not solve most of the problems that brought us out on the picket line in the first place.,tweet,"#USA joins long list of countries that prioritizing #BuildBackBetter in male-dominated sectors &amp; ignoring sectors like health, education &amp; care-work, which are women-dominant. I'm not the only person making this point, but I do have a primer in @WPReview.",retweet,"I'm presenting an iPoster on 9/30 from 11-11:30am PDT entitled ""Negotiating Women's Representation"" on the effects of local women's active participation in peace negotiations on women's political representation in post-conflict states.",reply,"Literally every person I meet: What are you studying? Me: Political science Them: So, whaddya think about this Afghanistan mess? Me:",tweet,"When UC makes it impossibly expensive to be a scientist &amp; live in CA - low wages, no childcare, no housing - it forces out everyone who lacks family money (especially Black/Latine ppl, bc racism). It imposes a poll tax on going into science. And that makes our science worse. 6/",retweet,"If you are a political scientist and think it is an outrage that the Claremont Institute has invited coup architect John Eastman to the APSA annual meeting, please read and consider signing this open letter to the APSA Council: #APSA2021",retweet,"We hear that President Drake - who earns $1m and lives in a house worth $6.5m - will announce that those on strike, including faculty, will have pay docked for demanding that everybody should be able to afford to go to graduate school. That's why we need #FairUCNow",retweet,"But regardless of how you vote, we hope there‚Äôs one thing you can take away from this strike: Screw the UC and screw the neoliberal capitalist, racist, ableist, heterosexist, nationalist model of education. Regardless of the contract vote outcome, this fight isn‚Äôt over.",retweet,"Respectfully, I will be voting no on this TA. Here‚Äôs why: All things being equal, we should ratify a contract based on whether it meets our needs, or we believe that we can‚Äôt build the power necessary to win more. Neither of these conditions have been satisfied in my view.",retweet,0,,,,,,,,,,
west0nian,Donald Trump and Republicans just celebrated voting to let thousands of Americans die so that billionaires get tax breaks. Think about that.,retweet,"Senate Republicans just voted down my amendment to make the modest middle-class tax cuts permanent, instead of a tax increase in a few years. Proof that this GOP tax bill was never about helping the middle class.",retweet,"Biden Says He's Not Sorry for Calling Trump Racist, Clown, Liar, 'Putin's Puppy' During Debate: 'Everything I Said Was True'",retweet,Can u imagine how many zillions of GOP congress hearings there would've been if Clinton or Obama settled a case charging they defrauded ppl?,retweet,"There are no Democratic presidential candidates who could or would be as bad as Donald Trump. No matter what it is you hate about any particular candidate, and there‚Äôs plenty to hate, none are even in the ballpark of being as bad as Trump. Recognize the crisis we‚Äôre facing, FFS.",retweet,"We have a president elect who LITERALLY wont sit 4 Intel briefings &amp; spends his time freaking out over a TV satire. Trump fans, plz defend.",retweet,"51 Senate Republicans just voted for the #GOPTaxScam, a massive tax giveaway to the super wealthy paid for in part by cutting $400 billion from Medicare. RT to spread their shame!",retweet,"NEW ARTICLE‚úèÔ∏è: With your help, we fought to put Joe Biden and Kamala Harris in the White House. Together, we held the House and retook the Senate. The Biden War Room is rebranding, and with your help we'll fight, and win, elections up and down the ballot.",retweet,"If it were a national emergency, Republicans would‚Äôve funded the wall during the two years they had control of the House, Senate and White House. But they didn‚Äôt. Because there‚Äôs no national emergency on the border. There is a national emergency, though. Trump‚Äôs still in the WH.",retweet,"How can it be that after three years of Donald Trump, Republican sycophants continue to drag themselves to such new lows that their shamelessness still carries with it the ability to shock? The arguments put forward by Trump lawyers and GOP senators today were just ridiculous.",retweet,0,,,,,,,,,,
workwthecoach,"BREAKING: Senate Democrats just passed the American Rescue Plan and big, bold COVID relief for people across this country.",retweet,"10 MILLION lost their unemployment benefits today, which they needed in the first place because Trump so completely mismanaged the Covid response that they lost their jobs Ponzi scheme of hope &amp; lies Each day #DopeyDon golfs the number rises I wish I had better news my friends",retweet,BREAKING NEWS: A drunk Lindsey Graham? Breaking up with Trump on the floor of the Senate right now.,retweet,"Wow. Included in Twitter‚Äôs statement, explaining why it banned Trump: ‚ÄúPlans for future armed protests have already begun proliferating on and off-Twitter, including a proposed secondary attack on the US Capitol and state capitol buildings on January 17, 2021.‚Äù",retweet,People on social media are showing support for black female journalists after a series of offensive comments from Trump this week. via,retweet,Congresswoman Sheila Jackson Lee has introduced Articles of Impeachment against President Donald Trump.‚Äã,retweet,"BREAKING: Sources say Trump advisers are prepping for Mueller to deliver the results of his investigation to the DoJ as early as Wednesday. Trump is currently most worried about Donald Trump, Jr. They think he will be indicted shortly. I agree. He should be. #VoteDem. #VoteBlue",retweet,What is this I‚Äôm hearing about people not getting their second stimulus if they filed their taxes with TurboTax??? I am panicked about money and this is the LAST thing I need right now,retweet,A new day in America has come. Tune in as Vice President-Elect @KamalaHarris and I address the nation.,retweet,"BREAKING: says former Detroit Mayor Kwame Kilpatrick will be getting out of prison early, thanks to President Donald J. Trump.",retweet,0,,,,,,,,,,
wreckedcervix,Nore: So you was under a conservative. What was voting for trump like? Britney: it was a conservatorship Nore: *smokes* mmmm so y‚Äôall went on a cruise. That‚Äôs hard.,retweet,Me waiting for Joe Biden to turn America into a communist utopia like the Republicans promised,retweet,The privatization of the USPS is still going on under Biden. Where is the outrage? Or do we only care about these things when a Republican is in office? Jesus Christ.,retweet,"Nancy Pelosi‚Äôs husband just bought $5 million dollars in Nvidia stocks while she is pushing congress to vote for a bill that‚Äôll give $53 Billion dollars in subsidies to semiconductor companies, where Nvidia will get the largest share of that money.",retweet,there is not one member of the american government that is seeing heaven,retweet,Some of you said that voting for Democrats would prevent this or some shit,retweet,Black people are not the native Israelites. God did not take us away and put us in slavery as punishment. Black people are just so ashamed of and hurt by our subjugation and general low position in the social hierarchy that we‚Äôve made up these fairy tales as a coping mechanism.,retweet,"proudly voted for governor phil murphy today to ensure protected reproductive rights. importantly as well, to support vaccine mandates, raised minimum wage, and clean energy acts. (my polling place didn‚Äôt have any stickers, only styluses for the voting machine ü•≤)",retweet,we really told the government we needed covid tests for free and all they heard was ‚Äúfour free‚Äù,retweet,It is wild how people can be anti vax right now when the Covid vaccine has led us to trials for a HIV vaccine,retweet,0,,,,,,,,,,
yashiruhhh,Nore: So you was under a conservative. What was voting for trump like? Britney: it was a conservatorship Nore: *smokes* mmmm so y‚Äôall went on a cruise. That‚Äôs hard.,retweet,Me waiting for Joe Biden to turn America into a communist utopia like the Republicans promised,retweet,The privatization of the USPS is still going on under Biden. Where is the outrage? Or do we only care about these things when a Republican is in office? Jesus Christ.,retweet,"Nancy Pelosi‚Äôs husband just bought $5 million dollars in Nvidia stocks while she is pushing congress to vote for a bill that‚Äôll give $53 Billion dollars in subsidies to semiconductor companies, where Nvidia will get the largest share of that money.",retweet,there is not one member of the american government that is seeing heaven,retweet,Some of you said that voting for Democrats would prevent this or some shit,retweet,Black people are not the native Israelites. God did not take us away and put us in slavery as punishment. Black people are just so ashamed of and hurt by our subjugation and general low position in the social hierarchy that we‚Äôve made up these fairy tales as a coping mechanism.,retweet,"proudly voted for governor phil murphy today to ensure protected reproductive rights. importantly as well, to support vaccine mandates, raised minimum wage, and clean energy acts. (my polling place didn‚Äôt have any stickers, only styluses for the voting machine ü•≤)",retweet,we really told the government we needed covid tests for free and all they heard was ‚Äúfour free‚Äù,retweet,It is wild how people can be anti vax right now when the Covid vaccine has led us to trials for a HIV vaccine,retweet,0,,,,,,,,,,
zaaaiiiiii_,"I live in Texas, wear Boots, drive a pick up, shoot guns and hate Nancy Pelosi. Trump would be proud",tweet,The people who don‚Äôt want the country to open are the same people who drank bleach after trump told them to,tweet,"President Trump will host the event at the El Paso County Coliseum, according to the campaign. It will be his seventh rally in Texas and his first in El Paso.",retweet,"All rifles combined kill 360 people in the U.S. per year Illegal aliens kill 445-600 Americans per year: Does this mean you‚Äôll be calling for illegals to be deported? Also, senior law enforcement laughed at the 445-600 number, they said it was 1,000+",retweet,In some states leaders support abortion until the last minute of pregnancy ‚Äî even after a child is born. Not in Texas. I formally signed the Born Alive Act to make it illegal to kill a child who survives an abortion. It also ensures the baby receives needed medical care.,retweet,BREAKING NEWS: TRUMP SPOTTED MOVING TO AUSTIN,retweet,Her: ‚ÄúMy liberal parents are coming over for dinner. Please don‚Äôt be political‚Äù Me after my 2nd Scotch...,retweet,"I don‚Äôt care how conservative I am, never and I mean NEVER is it ok to talk shit about #coachpop. #gospursgo",quote,President @realDonaldTrump won the First Democratic Presidential Debate! #SoMuchWinning #KAG #MAGA #DemDebate,retweet,For everyone already using death to push your agenda. It‚Äôs not @realDonaldTrump fault... It‚Äôs not the fault... It‚Äôs not the guns fault... It‚Äôs not the Dems/Republicans fault... It‚Äôs the coward that pulled the trigger fault....PERIOD! #elpasotx #walmartshooting,retweet,0,,,,,,,,,,
